epoch,train_loss,eval_loss,eval_top1,eval_top5,lr
16,4.907813850606376,2.5494164536297323,47.864,72.106,1.1584000000000001e-05
17,4.8816856407062925,2.6061440944552423,48.226,72.134,1.1683000000000001e-05
18,4.920308335248223,2.521706669473648,48.984,73.24,1.1782e-05
19,4.8897312213860245,2.522617997354269,49.674,73.5,1.1881e-05
20,4.85824686728206,2.505388006657362,50.094,73.912,1.198e-05
21,4.832575252877995,2.427123818773031,51.1,75.108,1.2079e-05
