epoch,train_loss,eval_loss,eval_top1,eval_top5,lr
16,4.907813850606376,2.5494164536297323,47.864,72.106,1.1584000000000001e-05
