epoch,train_loss,eval_loss,eval_top1,eval_top5,lr
0,6.508412828372188,5.239065911483765,8.21,21.672,1e-05
1,6.0430771511022146,4.434110705518722,16.922,37.256,1.0099000000000001e-05
