epoch,train_loss,eval_loss,eval_top1,eval_top5,lr
2,5.74090409551314,3.92211384370327,23.336,46.426,1.0198000000000001e-05
3,5.517650383114052,3.5294665480852125,29.106,54.348,1.0297000000000002e-05
4,5.357879108216776,3.22461580568552,34.208,59.852,1.0396e-05
5,5.220153142452434,3.006925648200512,37.708,63.68,1.0495e-05
6,5.102383371218893,2.8371455569028856,40.496,66.832,1.0594e-05
7,5.005437683782232,2.66046905734539,43.704,69.688,1.0693e-05
8,4.916927335558489,2.523356520873308,46.326,71.956,1.0792000000000001e-05
9,4.843029602832176,2.401566478484869,48.574,74.206,1.0891000000000001e-05
10,4.778941685705516,2.342475826215744,50.192,75.334,1.0990000000000002e-05
