epoch,train_loss,eval_loss,eval_top1,eval_top5,lr
34,4.0635750460624696,2.5070859835147856,42.8,70.05,1.3366e-05
35,4.041830596590042,2.4568409606218338,43.41,71.09,1.3465e-05
