epoch,train_loss,eval_loss,eval_top1,eval_top5,lr
0,6.61153282926853,5.747612205600738,5.058,14.774,1e-05
1,6.372612494325738,5.299136469745636,8.212,21.32,1.0099000000000001e-05
2,6.199231281866794,4.858763630414009,12.262,29.324,1.0198000000000001e-05
3,6.049590768784014,4.532956442379952,15.828,34.79,1.0297000000000002e-05
