epoch,train_loss,eval_loss,eval_top1,eval_top5,lr
7,5.618546774129878,3.6141570973038672,28.616,52.424,1.0693e-05
8,5.54017834374347,3.546184594655037,30.336,54.806,1.0792000000000001e-05
9,5.466081968304101,3.3839593811154365,32.628,57.418,1.0891000000000001e-05
10,5.400480021154993,3.312789683687687,34.69,59.48,1.0990000000000002e-05
11,5.336701284034323,3.218741597747803,36.01,60.756,1.1089000000000002e-05
12,5.282622726638972,3.103765648150444,37.956,62.914,1.1188e-05
13,5.22905372126594,3.0221160335540773,39.512,64.452,1.1287e-05
